model,auc_roc,f1,avg_precision
Isolation Forest,0.7601702225122989,0.36800591570125707,0.31783360574716585
LOF,0.6610488327033114,0.30581344267096205,0.24343422477749854
