model,auc_roc,f1,avg_precision
LOF,0.4882207626543203,0.22843392821335473,0.22981937673635636
Isolation Forest,0.44764496601890846,0.1887726787620064,0.20921493595304458
