model,auc_roc,f1,avg_precision
Isolation Forest,0.8481923135207254,0.14392059553349876,0.1227044086375724
LOF,0.6467015316885407,0.12538736591179978,0.07648672107019652
