model,auc_roc,f1,avg_precision
Isolation Forest,0.5722284030279319,0.2254506680883676,0.17562896341201562
LOF,0.5015785972736868,0.17105510038151228,0.14449172643784391
