model,auc_roc,f1,avg_precision
LOF,0.49452886235002425,0.2533103051237766,0.24443725227425056
Isolation Forest,0.41782301557421686,0.1346950985000641,0.19698530487301158
