{
  "uncalibrated": {
    "brier": 0.05118022406222709,
    "ece": 0.011268017723122623
  },
  "platt": {
    "brier": 0.051028188210244955,
    "ece": 0.0046990330986022
  },
  "isotonic": {
    "brier": 0.05108587084873422,
    "ece": 0.003080176118211715
  }
}