{
  "auc_roc": 0.9357679936939857,
  "avg_precision": 0.7983133854258214,
  "f1_at_05": 0.7134100575431573,
  "f1_at_optimal": 0.740591204037491,
  "optimal_threshold": 0.7499270778383187,
  "brier": 0.08253620140628407,
  "n_eval": 53113,
  "positive_rate_eval": 0.13537175456103026
}