model,auc_roc,f1,avg_precision
Decision Tree,0.6932438140700194,0.45215867966715073,0.3718455453531235
Random Forest,0.6892903524693619,0.4445351150099454,0.37590764077515965
SVM,0.6830793453031612,0.16071674707098552,0.3608120145942041
