model,auc_roc,f1_default_0.5,f1_optimal,optimal_threshold,avg_precision
MLP,0.8189730020930248,0.13761080624736174,0.4370141887307085,0.21646497294832415,0.3677277396485735
Random Forest,0.8163176196942885,0.4313204787745834,0.4317900278322315,0.5088464059371637,0.3611721065809917
Decision Tree,0.8060479332451331,0.4208104575163399,0.4338417311736311,0.6485786476724721,0.3427669157496013
