model,auc_roc,f1,avg_precision
MLP,0.9242865501963167,0.06222222222222222,0.2815256343970384
Random Forest,0.910718525916303,0.2822908651203693,0.2278987986773166
Decision Tree,0.8984158124254252,0.23318203373755167,0.25758156948425215
