model,auc_roc,f1,avg_precision
MLP,0.6829367524729225,0.1271198318149965,0.3777639211149746
Decision Tree,0.6780967094518777,0.45310085564703984,0.3632087388073831
Random Forest,0.6755963514915424,0.4449576219137698,0.368878204778125
