config,auc_roc,f1_optimal,avg_precision,recall_at_fpr_0_1
L2-only,0.7157972547183453,0.38515112356685477,0.23038025233785325,0.0
L4-only,0.7729245864213845,0.4166901706384595,0.28176735496671046,0.16445309783742437
L5-supervised-only,0.8189730020930248,0.43701418877194614,0.3677277396485735,0.38425700577150407
L5-anomaly-only,0.5722284030279319,0.2540424075225945,0.17562896341201562,0.17836033655517697
L2+L4,0.7740651332760949,0.4149746192889617,0.28325324956577846,0.20250347705146035
L2+L4+L5 (full behavioral),0.8147154878016316,0.43786690750810225,0.36505546866380245,0.3859527121001391
Full + L3,0.9357679936939857,0.7405912040369915,0.7983133854258214,0.8308762169680112
