K,L1-behavioral__vs__L2-rules,L1-behavioral__vs__L4-kmeans,L1-behavioral__vs__L4-dbscan,L1-behavioral__vs__L5-supervised,L1-behavioral__vs__L5-anomaly,L2-rules__vs__L4-kmeans,L2-rules__vs__L4-dbscan,L2-rules__vs__L5-supervised,L2-rules__vs__L5-anomaly,L4-kmeans__vs__L4-dbscan,L4-kmeans__vs__L5-supervised,L4-kmeans__vs__L5-anomaly,L4-dbscan__vs__L5-supervised,L4-dbscan__vs__L5-anomaly,L5-supervised__vs__L5-anomaly
500,0.0,0.0,0.003009027081243731,0.06157112526539278,0.015228426395939087,0.05485232067510549,0.02880658436213992,0.003009027081243731,0.007049345417925478,0.28865979381443296,0.016260162601626018,0.017293997965412006,0.029866117404737384,0.02459016393442623,0.022494887525562373
1000,0.010611419909044972,0.002004008016032064,0.003009027081243731,0.05429625724828677,0.023017902813299233,0.055408970976253295,0.027221366204417053,0.009081735620585268,0.012658227848101266,0.2861736334405145,0.03305785123966942,0.035196687370600416,0.08636610537751223,0.04602510460251046,0.04493207941483804
2000,0.03626943005181347,0.013427919939194325,0.010101010101010102,0.05318588730911006,0.04959328260299134,0.060445387062566275,0.02459016393442623,0.017552785550750447,0.024065540194572452,0.27673156718799874,0.09649122807017543,0.0689470871191876,0.25588697017268447,0.0860711376595167,0.08902804247209366
5000,0.0651896037494674,0.07296137339055794,0.08908734480505337,0.11308993766696349,0.07446008380788653,0.06269925611052073,0.05574324324324324,0.056747331712987424,0.06134578645722776,0.597444089456869,0.29265770423991727,0.17302052785923755,0.4444604940054889,0.21094696052312908,0.17744024490757093
10000,0.1362345188046813,0.18807175953427588,0.20156203063983177,0.21862052156958323,0.1397310234784591,0.1344299489506523,0.13256696302168866,0.13173381620642824,0.12892300745089186,0.5438054805094558,0.3008976193573566,0.27453479479989806,0.3567600569839224,0.2610340479192938,0.2689550155446989
