cluster_id,size,spam_rate_mean,spam_rate_std,avg_review_count,avg_tenure_days,avg_burst_score,avg_max_seller_fraction,avg_rating_entropy
0,131127,0.27562591990970586,0.44677536209019253,0.6976524514996725,0.0325719213068924,0.6931471805599453,0.9944443173412035,0.0
1,44650,0.07586965641052988,0.2552771488871815,1.319428572725681,5.575833162590111,0.7896399076298581,0.3895906618577391,0.8240247071992355
2,19295,0.031527793135900234,0.1658792787404396,2.4023512367273843,6.305278889926798,1.3997645245741632,0.1190120023458021,1.490890372311747
3,40914,0.3645166283749654,0.48111046654402995,0.6979916536212538,0.03068943629201998,0.6948715518952051,0.994044418373499,0.0001222075573153444
4,24291,0.2400179064962318,0.42011231474907373,1.2401382405054886,0.5587039307355279,1.2136169700490722,0.4311510383262626,0.749252464022229
